0,nospec_no_specifier_test,1581679359,0
1,nospec_empty_string,1581679359,0
2,nospec_some_escaped_chars,1581679359,0
3,nospec_successive_5_5,1581679359,0
4,nospec_successive_2_9,1581679359,0
5,nospec_successive_8_3,1581679359,0
6,pct_basic,1581679359,0
7,pct_5w,1581679359,0
8,pct_5wlj,1581679359,0
9,pct_5wzp,1581679359,0
10,nocrash_nullspec_basic,1581679359,0
11,nocrash_nullspec_5w,1581679359,0
12,nocrash_nullspec_5wzp,1581679359,0
13,nocrash_nullspec_5wlj,1581679359,0
14,s_basic_string_expansion,1581679359,0
15,s_only_string_expansion,1581679359,0
16,s_two_string_expansions,1581679359,0
17,s_two_string_expansions2,1581679359,0
18,s_empty_string_expansion,1581679359,0
19,s_full_then_empty_string,1581679359,0
20,s_empty_then_full_string,1581679359,0
21,s_three_strings,1581679359,0
22,s_space_padded_field_width,1581679359,0
23,s_space_padded_field_width2,1581679359,0
24,s_space_padded_over_field_width,1581679359,0
25,s_space_padded_field_width_lj,1581679359,0
26,s_space_padded_field_width2_lj,1581679359,0
27,s_space_padded_over_field_width_lj,1581679359,0
28,s_string_prec_notrunc,1581679359,0
29,s_string_prec_trunc,1581679359,0
30,s_string_prec_default,1581679359,0
31,s_string_prec_zero,1581679359,0
32,s_two_strings_prec_2trunc,1581679359,0
33,s_two_strings_prec_1trunc_a,1581679359,0
34,s_two_strings_prec_1trunc_b,1581679359,0
35,s_two_strings_prec_0trunc,1581679359,0
36,s_string_prec_width_notrunc,1581679359,0
37,s_string_prec_width_trunc,1581679359,0
38,s_string_prec_width_notrunc_lj,1581679359,0
39,s_string_prec_width_trunc_lj,1581679359,0
40,s_two_s_prec_width_2fit_0trunc,1581679359,0
41,s_two_s_prec_width_1fit_a_0trunc,1581679359,0
42,s_two_s_prec_width_1fit_b_0trunc,1581679359,0
43,s_two_s_prec_width_0fit_0trunc,1581679359,0
44,s_two_s_prec_width_2fit_1trunc_a,1581679359,0
45,s_two_s_prec_width_1fit_a_1trunc_a,1581679359,0
46,s_two_s_prec_width_1fit_b_1trunc_a,1581679359,0
47,s_two_s_prec_width_0fit_1trunc_a,1581679359,0
48,s_two_s_prec_width_2fit_1trunc_b,1581679359,0
49,s_two_s_prec_width_1fit_a_1trunc_b,1581679359,0
50,s_two_s_prec_width_1fit_b_1trunc_b,1581679359,0
51,s_two_s_prec_width_0fit_1trunc_b,1581679359,0
52,s_two_s_prec_width_2fit_2trunc,1581679359,0
53,s_two_s_prec_width_1fit_a_2trunc,1581679359,0
54,s_two_s_prec_width_1fit_b_2trunc,1581679359,0
55,s_two_s_prec_width_0fit_2trunc,1581679359,0
56,s_two_s_prec_width_2trunc,1581679359,0
57,s_two_strings_lj_and_rj,1581679359,0
58,s_two_strings_rj_and_lj,1581679359,0
59,s_null_basic_string_expansion,1581679359,0
60,s_null_only_string_expansion,1581679359,0
61,s_null_space_padded_field_width,1581679359,0
62,s_null_space_padded_over_field_width,1581679359,0
63,s_null_space_padded_field_width_lj,1581679359,0
64,s_null_space_padded_field_width2_lj,1581679359,0
65,s_null_space_padded_over_field_width_lj,1581679359,0
66,s_null_string_prec_notrunc,1581679359,0
67,s_null_string_prec_trunc,1581679359,0
68,s_null_string_prec_default,1581679359,0
69,s_basic_s_hidden,1581679359,0
70,s_width_3_s_hidden,1581679359,0
71,s_width_9_s_hidden,1581679359,0
72,s_prec_no_width_s_hidden,1581679359,0
73,s_prec_9_no_width_s_hidden,1581679359,0
74,s_prec_0_width_3_s_hidden,1581679359,0
75,s_prec_0_width_10_s_hidden,1581679359,0
76,s_prec_0_width_3_s_null,1581679359,0
77,s_prec_0_width_10_s_null,1581679359,0
78,s_prec_0_width_1_s_nullchar,1581679359,0
79,s_prec_0_width_2_s_nullchar,1581679359,0
80,s_prec_0_width_9_s_nullchar,1581679359,0
81,s_prec_0_lj_width_3_s_hidden,1581679359,0
82,s_prec_0_lj_width_8_s_hidden,1581679359,0
83,s_prec_0_lj_width_3_s_null,1581679359,0
84,s_prec_0_lj_width_8_s_null,1581679359,0
85,s_prec_0_lj_width_1_s_nullchar,1581679359,0
86,s_prec_0_lj_width_2_s_nullchar,1581679359,0
87,s_prec_0_lj_width_6_s_nullchar,1581679359,0
88,s_prec_1_width_3_s_hidden,1581679359,0
89,s_prec_1_width_10_s_hidden,1581679359,0
90,s_prec_1_width_3_s_null,1581679359,0
91,s_prec_1_width_9_s_null,1581679359,0
92,s_prec_1_lj_width_3_s_hidden,1581679359,0
93,s_prec_1_lj_width_10_s_hidden,1581679359,0
94,s_prec_1_lj_width_3_s_null,1581679359,0
95,s_prec_1_lj_width_9_s_null,1581679359,0
96,s_prec_1_lj_width_3_s_nullchar,1581679359,0
97,s_prec_1_lj_width_6_s_nullchar,1581679359,0
98,s_prec_perfect_width_3_s_hidden,1581679359,0
99,s_prec_perfect_width_20_s_hidden,1581679359,0
100,s_prec_perfect_width_3_s_null,1581679359,0
101,s_prec_perfect_width_20_s_null,1581679359,0
102,s_prec_perfect_width_3_s_nullchar,1581679359,0
103,s_prec_perfect_width_6_s_nullchar,1581679359,0
104,s_prec_perfect_lj_width_3_s_hidden,1581679359,0
105,s_prec_perfect_lj_width_20_s_hidden,1581679359,0
106,s_prec_8_lj_width_3_s_hidden,1581679359,0
107,s_prec_8_lj_width_10_s_hidden,1581679359,0
108,s_prec_8_lj_width_3_s_null,1581679359,0
109,s_prec_8_lj_width_10_s_null,1581679359,0
110,i_basic_i_pos,1581679359,0
111,i_basic_i_neg,1581679359,0
112,i_basic_i_zero,1581679359,0
113,i_basic_i_onlypos,1581679359,0
114,i_basic_i_onlyneg,1581679359,0
115,i_basic_i_onlyzero,1581679359,0
116,d_basic_pos,1581679359,0
117,d_basic_neg,1581679359,0
118,d_basic_zero,1581679359,0
119,i_intmax,1581679359,0
120,i_intmin,1581679359,0
121,i_width_pos_fits,1581679359,0
122,i_width_neg_fits,1581679359,0
123,i_width_zero_fits,1581679359,0
124,i_width_pos_exactfit,1581679359,0
125,i_width_neg_exactfit,1581679359,0
126,i_width_pos_nofit,1581679359,0
127,i_width_neg_nofit,1581679359,0
128,i_width_pos_fits_lj,1581679359,0
129,i_width_neg_fits_lj,1581679359,0
130,i_width_zero_fits_lj,1581679359,0
131,i_width_pos_exactfit_lj,1581679359,0
132,i_width_neg_exactfit_lj,1581679359,0
133,i_width_pos_nofit_lj,1581679359,0
134,i_width_neg_nofit_lj,1581679359,0
135,i_prec_fits_pos,1581679359,0
136,i_prec_fits_neg,1581679359,0
137,i_prec_fits_zero,1581679359,0
138,i_prec_exactfit_pos,1581679359,0
139,i_prec_exactfit_neg,1581679359,0
140,i_prec_nofit_pos,1581679359,0
141,i_prec_nofit_neg,1581679359,0
142,i_zp_pos_fits,1581679359,0
143,i_zp_neg_fits,1581679359,0
144,i_zp_zero_fits,1581679359,0
145,i_zp_pos_exactfit,1581679359,0
146,i_zp_neg_exactfit,1581679359,0
147,i_zp_neg_minus1fit,1581679359,0
148,i_prec_width_fit_fit_pos,1581679359,0
149,i_prec_width_fit_fit_neg,1581679359,0
150,i_prec_width_fit_fit_zero,1581679359,0
151,i_prec_width_nofit_fit_pos,1581679359,0
152,i_prec_width_nofit_fit_neg,1581679359,0
153,i_prec_width_fit_nofit_pos,1581679359,0
154,i_prec_width_fit_nofit_neg,1581679359,0
155,i_prec_width_nofit_nofit_pos,1581679359,0
156,i_prec_width_nofit_nofit_neg,1581679359,0
157,i_prec_width_fit_fit_pos_lj,1581679359,0
158,i_prec_width_fit_fit_neg_lj,1581679359,0
159,i_prec_width_fit_fit_zero_lj,1581679359,0
160,i_prec_width_nofit_fit_pos_lj,1581679359,0
161,i_prec_width_nofit_fit_neg_lj,1581679359,0
162,i_prec_width_fit_nofit_pos_lj,1581679359,0
163,i_prec_width_fit_nofit_neg_lj,1581679359,0
164,i_prec_width_nofit_nofit_pos_lj,1581679359,0
165,i_prec_width_nofit_nofit_neg_lj,1581679359,0
166,i_prec_width_ff_pos_zp,1581679359,0
167,i_prec_width_ff_neg_zp,1581679359,0
168,i_prec_width_ff_zero_zp,1581679359,0
169,i_prec_width_nf_pos_zp,1581679359,0
170,i_prec_width_nf_neg_zp,1581679359,0
171,i_prec_width_fn_pos_zp,1581679359,0
172,i_prec_width_fn_neg_zp,1581679359,0
173,i_prec_width_nn_pos_zp,1581679359,0
174,i_prec_width_nn_neg_zp,1581679359,0
175,i_size_follows_i_i,1581679359,0
176,i_prec0val0_basic,1581679359,0
177,i_prec0val0_implicit,1581679359,0
178,i_prec0val0_w,1581679359,0
179,i_prec0val0_w_impl,1581679359,0
180,i_prec0val0_wlj,1581679359,0
181,i_prec0val0_wlj_impl,1581679359,0
182,d_basic_i_pos,1581679359,0
183,d_basic_i_neg,1581679359,0
184,d_basic_i_zero,1581679359,0
185,d_basic_i_onlypos,1581679359,0
186,d_basic_i_onlyneg,1581679359,0
187,d_basic_i_onlyzero,1581679359,0
188,d_intmax,1581679359,0
189,d_intmin,1581679359,0
190,d_width_pos_fits,1581679359,0
191,d_width_neg_fits,1581679359,0
192,d_width_zero_fits,1581679359,0
193,d_width_pos_exactfit,1581679359,0
194,d_width_neg_exactfit,1581679359,0
195,d_width_pos_nofit,1581679359,0
196,d_width_neg_nofit,1581679359,0
197,d_width_pos_fits_lj,1581679359,0
198,d_width_neg_fits_lj,1581679359,0
199,d_width_zero_fits_lj,1581679359,0
200,d_width_pos_exactfit_lj,1581679359,0
201,d_width_neg_exactfit_lj,1581679359,0
202,d_width_pos_nofit_lj,1581679359,0
203,d_width_neg_nofit_lj,1581679359,0
204,d_prec_fits_pos,1581679359,0
205,d_prec_fits_neg,1581679359,0
206,d_prec_fits_zero,1581679359,0
207,d_prec_exactfit_pos,1581679359,0
208,d_prec_exactfit_neg,1581679359,0
209,d_prec_nofit_pos,1581679359,0
210,d_prec_nofit_neg,1581679359,0
211,d_zp_pos_fits,1581679359,0
212,d_zp_neg_fits,1581679359,0
213,d_zp_zero_fits,1581679359,0
214,d_zp_pos_exactfit,1581679359,0
215,d_zp_neg_exactfit,1581679359,0
216,d_zp_neg_minus1fit,1581679359,0
217,d_prec_width_fit_fit_pos,1581679359,0
218,d_prec_width_fit_fit_neg,1581679359,0
219,d_prec_width_fit_fit_zero,1581679359,0
220,d_prec_width_nofit_fit_pos,1581679359,0
221,d_prec_width_nofit_fit_neg,1581679359,0
222,d_prec_width_fit_nofit_pos,1581679359,0
223,d_prec_width_fit_nofit_neg,1581679359,0
224,d_prec_width_nofit_nofit_pos,1581679359,0
225,d_prec_width_nofit_nofit_neg,1581679359,0
226,d_prec_width_fit_fit_pos_lj,1581679359,0
227,d_prec_width_fit_fit_neg_lj,1581679359,0
228,d_prec_width_fit_fit_zero_lj,1581679359,0
229,d_prec_width_nofit_fit_pos_lj,1581679359,0
230,d_prec_width_nofit_fit_neg_lj,1581679359,0
231,d_prec_width_fit_nofit_pos_lj,1581679359,0
232,d_prec_width_fit_nofit_neg_lj,1581679359,0
233,d_prec_width_nofit_nofit_pos_lj,1581679359,0
234,d_prec_width_nofit_nofit_neg_lj,1581679359,0
235,d_prec_width_ff_pos_zp,1581679359,0
236,d_prec_width_ff_neg_zp,1581679359,0
237,d_prec_width_ff_zero_zp,1581679359,0
238,d_prec_width_nf_pos_zp,1581679359,0
239,d_prec_width_nf_neg_zp,1581679359,0
240,d_prec_width_fn_pos_zp,1581679359,0
241,d_prec_width_fn_neg_zp,1581679359,0
242,d_prec_width_nn_pos_zp,1581679359,0
243,d_prec_width_nn_neg_zp,1581679359,0
244,d_prec0val0_basic,1581679359,0
245,d_prec0val0_implicit,1581679359,0
246,d_prec0val0_w,1581679359,0
247,d_prec0val0_w_impl,1581679359,0
248,d_prec0val0_wlj,1581679359,0
249,d_prec0val0_wlj_impl,1581679359,0
250,u_basic_u_pos,1581679359,0
251,u_basic_u_zero,1581679359,0
252,u_basic_u_onlypos,1581679359,0
253,u_uintmax,1581679359,0
254,u_width_pos_fits,1581679359,0
255,u_width_zero_fits,1581679359,0
256,u_width_pos_exactfit,1581679359,0
257,u_width_pos_nofit,1581679359,0
258,u_width_pos_fits_lj,1581679359,0
259,u_width_zero_fits_lj,1581679359,0
260,u_width_pos_exactfit_lj,1581679359,0
261,u_width_pos_nofit_lj,1581679359,0
262,u_prec_fits_pos,1581679359,0
263,u_prec_fits_zero,1581679359,0
264,u_prec_exactfit_pos,1581679359,0
265,u_prec_nofit_pos,1581679359,0
266,u_zp_pos_fits,1581679359,0
267,u_zp_zero_fits,1581679359,0
268,u_zp_pos_exactfit,1581679359,0
269,u_prec_width_fit_fit_pos,1581679359,0
270,u_prec_width_fit_fit_zero,1581679359,0
271,u_prec_width_nofit_fit_pos,1581679359,0
272,u_prec_width_fit_nofit_pos,1581679359,0
273,u_prec_width_nofit_nofit_pos,1581679359,0
274,u_prec_width_fit_fit_pos_lj,1581679359,0
275,u_prec_width_fit_fit_zero_lj,1581679359,0
276,u_prec_width_nofit_fit_pos_lj,1581679359,0
277,u_prec_width_fit_nofit_pos_lj,1581679359,0
278,u_prec_width_nofit_nofit_pos_lj,1581679359,0
279,u_prec_width_ff_pos_zp,1581679359,0
280,u_prec_width_ff_zero_zp,1581679359,0
281,u_prec_width_nf_pos_zp,1581679359,0
282,u_prec_width_fn_pos_zp,1581679359,0
283,u_prec_width_nn_pos_zp,1581679359,0
284,u_prec0val0_basic,1581679359,0
285,u_prec0val0_implicit,1581679359,0
286,u_prec0val0_w,1581679359,0
287,u_prec0val0_w_impl,1581679359,0
288,u_prec0val0_wlj,1581679359,0
289,u_prec0val0_wlj_impl,1581679359,0
290,x_basic_pos,1581679359,0
291,x_basic_zero,1581679359,0
292,x_basic_onlypos,1581679359,0
293,x_hexlmax,1581679359,0
294,x_width_pos_fits,1581679359,0
295,x_width_zero_fits,1581679359,0
296,x_width_pos_exactfit,1581679359,0
297,x_width_pos_nofit,1581679359,0
298,x_width_pos_fits_lj,1581679359,0
299,x_width_zero_fits_lj,1581679359,0
300,x_width_pos_exactfit_lj,1581679359,0
301,x_width_pos_nofit_lj,1581679359,0
302,x_prec_fits_pos,1581679359,0
303,x_prec_fits_zero,1581679359,0
304,x_prec_exactfit_pos,1581679359,0
305,x_prec_nofit_pos,1581679359,0
306,x_zp_pos_fits,1581679359,0
307,x_zp_zero_fits,1581679359,0
308,x_zp_pos_exactfit,1581679359,0
309,x_prec_width_fit_fit_pos,1581679359,0
310,x_prec_width_fit_fit_zero,1581679359,0
311,x_prec_width_nofit_fit_pos,1581679359,0
312,x_prec_width_fit_nofit_pos,1581679359,0
313,x_prec_width_nofit_nofit_pos,1581679359,0
314,x_prec_width_fit_fit_pos_lj,1581679359,0
315,x_prec_width_fit_fit_zero_lj,1581679359,0
316,x_prec_width_nofit_fit_pos_lj,1581679359,0
317,x_prec_width_fit_nofit_pos_lj,1581679359,0
318,x_prec_width_nofit_nofit_pos_lj,1581679359,0
319,x_prec_width_ff_pos_zp,1581679359,0
320,x_prec_width_ff_zero_zp,1581679359,0
321,x_prec_width_nf_pos_zp,1581679359,0
322,x_prec_width_fn_pos_zp,1581679359,0
323,x_prec_width_nn_pos_zp,1581679359,0
324,x_prec0val0_basic,1581679359,0
325,x_prec0val0_implicit,1581679359,0
326,x_prec0val0_w,1581679359,0
327,x_prec0val0_w_impl,1581679359,0
328,x_prec0val0_wlj,1581679359,0
329,x_prec0val0_wlj_impl,1581679359,0
330,X_basic_hexu_pos,1581679359,0
331,X_basic_hexu_zero,1581679359,0
332,X_basic_hexu_onlypos,1581679359,0
333,X_hexumax,1581679359,0
334,X_width_pos_fits,1581679359,0
335,X_width_zero_fits,1581679359,0
336,X_width_pos_exactfit,1581679359,0
337,X_width_pos_nofit,1581679359,0
338,X_width_pos_fits_lj,1581679359,0
339,X_width_zero_fits_lj,1581679359,0
340,X_width_pos_exactfit_lj,1581679359,0
341,X_width_pos_nofit_lj,1581679359,0
342,X_prec_fits_pos,1581679359,0
343,X_prec_fits_zero,1581679359,0
344,X_prec_exactfit_pos,1581679359,0
345,X_prec_nofit_pos,1581679359,0
346,X_zp_pos_fits,1581679359,0
347,X_zp_zero_fits,1581679359,0
348,X_zp_pos_exactfit,1581679359,0
349,X_prec_width_fit_fit_pos,1581679359,0
350,X_prec_width_fit_fit_zero,1581679359,0
351,X_prec_width_nofit_fit_pos,1581679359,0
352,X_prec_width_fit_nofit_pos,1581679359,0
353,X_prec_width_nofit_nofit_pos,1581679359,0
354,X_prec_width_fit_fit_pos_lj,1581679359,0
355,X_prec_width_fit_fit_zero_lj,1581679359,0
356,X_prec_width_nofit_fit_pos_lj,1581679359,0
357,X_prec_width_fit_nofit_pos_lj,1581679359,0
358,X_prec_width_nofit_nofit_pos_lj,1581679359,0
359,X_prec_width_ff_pos_zp,1581679359,0
360,X_prec_width_ff_zero_zp,1581679359,0
361,X_prec_width_nf_pos_zp,1581679359,0
362,X_prec_width_fn_pos_zp,1581679359,0
363,X_prec_width_nn_pos_zp,1581679359,0
364,X_prec0val0_basic,1581679359,0
365,X_prec0val0_implicit,1581679359,0
366,X_prec0val0_w,1581679359,0
367,X_prec0val0_w_impl,1581679359,0
368,X_prec0val0_wlj,1581679359,0
369,X_prec0val0_wlj_impl,1581679359,0
370,p_null,1581679359,0
371,p_ftfc_5w_throwswarning,1581679359,0
372,p_basic,1581679359,0
373,p_width_fit,1581679359,0
374,p_width_nofit,1581679359,0
375,p_width_16,1581679359,0
376,p_width_8,1581679359,0
377,p_width_32,1581679359,0
378,p_width_fit_lj,1581679359,0
379,p_width_nofit_lj,1581679359,0
380,p_width_16_lj,1581679359,0
381,p_width_8_lj,1581679359,0
382,p_width_32_lj,1581679359,0
383,c_allprintable_combined,1581679359,0
384,c_1_31_combined,1581679359,0
385,c_128_255_combined,1581679359,0
386,c_allprintable_width,1581679359,0
387,c_1_31_width,1581679359,0
388,c_128_255_width,1581679359,0
389,c_allprintable_width_lj,1581679359,0
390,c_1_31_width_lj,1581679359,0
391,c_128_255_width_lj,1581679359,0
392,c_nullterm_basic,1581679359,0
393,c_nullterm_5w,1581679359,0
394,c_nullterm_5wlj,1581679359,0
395,mix_successive_0,1581679359,0
396,mix_successive_4,1581679359,0
397,mix_successive_6,1581679359,0
398,mix_successive_10,1581679359,0
399,mix_successive_16,1581679359,0
400,mix_successive_20,1581679359,0
401,mix_successive_21,1581679359,0
402,mix_successive_28,1581679359,0
403,mix_successive_30,1581679359,0
404,mix_successive_31,1581679359,0
405,mix_successive_32,1581679359,0
406,mix_successive_39,1581679359,0
407,mix_successive_40,1581679359,0
408,mix_successive_42,1581679359,0
409,mix_successive_43,1581679359,0
410,mix_successive_45,1581679359,0
411,mix_successive_46,1581679359,0
412,mix_successive_61,1581679359,0
413,mix_successive_64,1581679359,0
414,nocrash_noarg_1_notmandatory,1581679359,0
415,nocrash_noarg_2_notmandatory,1581679359,0
416,nocrash_noarg_3_notmandatory,1581679359,0
417,nocrash_noarg_4_notmandatory,1581679359,0
418,nocrash_noarg_5_notmandatory,1581679359,0
419,nocrash_noarg_6_notmandatory,1581679359,0
420,nocrash_noarg_9_notmandatory,1581679359,0
421,nocrash_noarg_10_notmandatory,1581679359,0
422,nocrash_noarg_11_notmandatory,1581679359,0
423,nocrash_noarg_12_notmandatory,1581679359,0
424,nocrash_noarg_13_notmandatory,1581679359,0
425,nocrash_noarg_14_notmandatory,1581679359,0
426,nocrash_noarg_15_notmandatory,1581679359,0
427,nocrash_noarg_16_notmandatory,1581679359,0
428,nocrash_noarg_17_notmandatory,1581679359,0
429,nocrash_noarg_19_notmandatory,1581679359,0
430,nocrash_noarg_20_notmandatory,1581679359,0
431,nocrash_noarg_21_notmandatory,1581679359,0
432,nocrash_noarg_22_notmandatory,1581679359,0
433,nocrash_noarg_24_notmandatory,1581679359,0
434,nocrash_noarg_25_notmandatory,1581679359,0
435,nocrash_nullarg_1,1581679359,0
436,nocrash_nullarg_3,1581679359,0
437,nocrash_nullarg_4,1581679359,0
438,nocrash_nullarg_5,1581679359,0
439,nocrash_nullarg_6,1581679359,0
440,nocrash_nullarg_9,1581679359,0
441,nocrash_nullarg_10,1581679359,0
442,nocrash_nullarg_11,1581679359,0
443,nocrash_nullarg_12,1581679359,0
444,nocrash_nullarg_13,1581679359,0
445,nocrash_nullarg_14,1581679359,0
446,nocrash_nullarg_15,1581679359,0
447,nocrash_nullarg_16,1581679359,0
448,nocrash_nullarg_17,1581679359,0
449,nocrash_nullarg_18,1581679359,0
450,nocrash_nullarg_19,1581679359,0
451,nocrash_nullarg_20,1581679359,0
452,nocrash_nullarg_21,1581679359,0
453,nocrash_nullarg_22,1581679359,0
454,nocrash_nullarg_23,1581679359,0
455,nocrash_nullarg_24,1581679359,0
456,nocrash_nullarg_25,1581679359,0
457,nocrash_mandatory_dupflag_d_spsp,1581679359,0
458,nocrash_mandatory_dupflag_d_ljljw,1581679359,0
459,nocrash_mandatory_dupflag_x_afaf,1581679359,0
460,nocrash_mandatory_c_prec_1,1581679359,0
461,nocrash_mandatory_c_prec_2,1581679359,0
462,nocrash_mandatory_c_af,1581679359,0
463,nocrash_mandatory_c_sp_1,1581679359,0
464,nocrash_mandatory_c_sp_2,1581679359,0
465,nocrash_mandatory_c_size_hh,1581679359,0
466,nocrash_mandatory_c_size_h,1581679359,0
467,nocrash_mandatory_c_size_l,1581679359,0
468,nocrash_mandatory_c_size_ll,1581679359,0
469,nocrash_mandatory_c_size_L,1581679359,0
470,nocrash_mandatory_c_lj_nowidth,1581679359,0
471,nocrash_mandatory_s_af,1581679359,0
472,nocrash_mandatory_s_sp_1,1581679359,0
473,nocrash_mandatory_s_size_hh,1581679359,0
474,nocrash_mandatory_s_size_h,1581679359,0
475,nocrash_mandatory_s_size_l,1581679359,0
476,nocrash_mandatory_s_size_ll,1581679359,0
477,nocrash_mandatory_s_size_L,1581679359,0
478,nocrash_mandatory_s_lj_nowidth,1581679359,0
479,nocrash_mandatory_p_prec_1,1581679359,0
480,nocrash_mandatory_p_prec_2,1581679359,0
481,nocrash_mandatory_p_af,1581679359,0
482,nocrash_mandatory_p_zp_1,1581679359,0
483,nocrash_mandatory_p_zp_2,1581679359,0
484,nocrash_mandatory_p_sp_1,1581679359,0
485,nocrash_mandatory_p_sp_2,1581679359,0
486,nocrash_mandatory_p_size_hh,1581679359,0
487,nocrash_mandatory_p_size_h,1581679359,0
488,nocrash_mandatory_p_size_l,1581679359,0
489,nocrash_mandatory_p_size_ll,1581679359,0
490,nocrash_mandatory_p_size_L,1581679359,0
491,nocrash_mandatory_p_lj_nowidth,1581679359,0
492,nocrash_mandatory_d_size_L,1581679359,0
493,nocrash_mandatory_d_af,1581679359,0
494,nocrash_mandatory_d_size_hhh,1581679359,0
495,nocrash_mandatory_d_size_hhhh,1581679359,0
496,nocrash_mandatory_d_size_hhl,1581679359,0
497,nocrash_mandatory_d_size_hhll,1581679359,0
498,nocrash_mandatory_d_size_llh,1581679359,0
499,nocrash_mandatory_d_size_lll,1581679359,0
500,nocrash_mandatory_i_size_L,1581679359,0
501,nocrash_mandatory_i_af,1581679359,0
502,nocrash_mandatory_i_size_hhh,1581679359,0
503,nocrash_mandatory_i_lj_nowidth,1581679359,0
504,nocrash_mandatory_o_sp,1581679359,0
505,nocrash_mandatory_o_size_L,1581679359,0
506,nocrash_mandatory_o_size_hhh,1581679359,0
507,nocrash_mandatory_o_size_hhhh,1581679359,0
508,nocrash_mandatory_o_size_hhl,1581679359,0
509,nocrash_mandatory_o_size_hhll,1581679359,0
510,nocrash_mandatory_o_size_llh,1581679359,0
511,nocrash_mandatory_o_size_lll,1581679359,0
512,nocrash_mandatory_o_lj_nowidth,1581679359,0
513,nocrash_mandatory_u_size_L,1581679359,0
514,nocrash_mandatory_u_af,1581679359,0
515,nocrash_mandatory_u_sp,1581679359,0
516,nocrash_mandatory_u_size_hhh,1581679359,0
517,nocrash_mandatory_u_size_hhhh,1581679359,0
518,nocrash_mandatory_u_size_hhl,1581679359,0
519,nocrash_mandatory_u_size_hhll,1581679359,0
520,nocrash_mandatory_u_size_llh,1581679359,0
521,nocrash_mandatory_u_size_lll,1581679359,0
522,nocrash_mandatory_u_lj_nowidth,1581679359,0
523,nocrash_mandatory_x_size_L,1581679359,0
524,nocrash_mandatory_x_sp,1581679359,0
525,nocrash_mandatory_x_size_hhh,1581679359,0
526,nocrash_mandatory_x_size_hhhh,1581679359,0
527,nocrash_mandatory_x_size_hhl,1581679359,0
528,nocrash_mandatory_x_size_hhll,1581679359,0
529,nocrash_mandatory_x_size_llh,1581679359,0
530,nocrash_mandatory_x_size_lll,1581679359,0
531,nocrash_mandatory_X_size_L,1581679359,0
532,nocrash_mandatory_X_sp,1581679359,0
533,nocrash_mandatory_X_size_hhh,1581679359,0
534,nocrash_mandatory_X_size_llh,1581679359,0
535,nocrash_mandatory_x_lj_nowidth,1581679359,0
536,nocrash_mandatory_f_size_hh,1581679359,0
537,nocrash_mandatory_f_size_h,1581679359,0
538,nocrash_mandatory_f_size_ll,1581679359,0
539,nocrash_mandatory_f_size_lll,1581679359,0
540,nocrash_mandatory_f_size_llll,1581679359,0
541,nocrash_mandatory_f_size_LL,1581679359,0
542,nocrash_mandatory_f_size_Ll,1581679359,0
543,nocrash_mandatory_f_size_lL,1581679359,0
544,nocrash_mandatory_f_lj_nowidth,1581679359,0
545,moul_s_1,1581679359,0
546,moul_s_2,1581679359,0
547,moul_s_3,1581679359,0
548,moul_s_4,1581679359,0
549,moul_s_5_this_ones_a_doozy,1581679359,0
550,moul_d_1,1581679359,0
551,moul_d_2,1581679359,0
552,moul_d_3,1581679359,0
553,moul_d_4,1581679359,0
554,moul_d_5,1581679359,0
555,moul_d_6,1581679359,0
556,moul_d_7,1581679359,0
557,moul_d_8,1581679359,0
558,moul_d_9,1581679359,0
559,moul_d_10,1581679359,0
560,moul_d_11,1581679359,0
561,moul_d_12,1581679359,0
562,moul_mix_1,1581679359,0
563,moul_c_1,1581679359,0
564,moul_c_2,1581679359,0
565,moul_c_3,1581679359,0
566,moul_c_4,1581679359,0
567,moul_c_5,1581679359,0
568,moul_c_5b,1581679359,0
569,moul_c_6,1581679359,0
570,moul_c_7,1581679359,0
571,moul_c_8,1581679359,0
572,moul_c_9,1581679359,0
573,moul_c_10,1581679359,0
574,moul_c_11,1581679359,0
575,moul_c_12,1581679359,0
576,moul_c_13,1581679359,0
577,moul_c_14,1581679359,0
578,moul_c_15,1581679359,0
579,moul_c_16,1581679359,0
580,moul_c_17,1581679359,0
581,moul_c_18,1581679359,0
582,moul_c_19,1581679359,0
583,moul_c_20,1581679359,0
584,moul_c_21,1581679359,0
585,moul_c_22,1581679359,0
586,moul_c_23,1581679359,0
587,moul_c_24,1581679359,0
588,moul_c_25,1581679359,0
589,moul_c_26,1581679359,0
590,moul_c_27,1581679359,0
591,moul_c_28,1581679359,0
592,moul_i_1,1581679359,0
593,moul_i_2,1581679359,0
594,moul_i_3,1581679359,0
595,moul_i_4,1581679359,0
596,moul_i_5,1581679359,0
597,moul_i_6,1581679359,0
598,moul_i_7,1581679359,0
599,moul_i_8,1581679359,0
600,moul_i_9,1581679359,0
601,moul_i_10,1581679359,0
602,moul_i_11,1581679359,0
603,moul_i_12,1581679359,0
604,moul_u_1,1581679359,0
605,moul_u_2,1581679359,0
606,moul_u_3,1581679359,0
607,moul_u_4,1581679359,0
608,moul_u_5,1581679359,0
609,moul_u_6,1581679359,0
610,moul_u_7,1581679359,0
611,moul_u_8,1581679359,0
612,moul_u_9,1581679359,0
613,moul_u_10,1581679359,0
614,moul_u_11,1581679359,0
615,moul_u_12,1581679359,0
616,moul_x_1,1581679359,0
617,moul_x_2,1581679359,0
618,moul_x_3,1581679359,0
619,moul_x_4,1581679359,0
620,moul_x_5,1581679359,0
621,moul_x_6,1581679359,0
622,moul_x_7,1581679359,0
623,moul_x_8,1581679359,0
624,moul_x_9,1581679359,0
625,moul_x_10,1581679359,0
626,moul_x_11,1581679359,0
627,moul_x_12,1581679359,0
628,moul_prec_1,1581679359,0
629,moul_prec_3,1581679359,0
630,moul_prec_4,1581679359,0
631,moul_prec_5,1581679359,0
632,moul_zeropad_1,1581679359,0
633,moul_zeropad_2,1581679359,0
634,moul_zeropad_3,1581679359,0
635,moul_zeropad_4,1581679359,0
636,moul_leftjusty_1,1581679359,0
637,moul_leftjusty_2,1581679359,0
638,moul_leftjusty_3,1581679359,0
639,moul_leftjusty_4,1581679359,0
640,moul_leftjusty_5,1581679359,0
641,moul_leftjusty_6,1581679359,0
642,moul_leftjusty_7,1581679359,0
643,moul_notmandatory_star_1,1581679359,0
644,moul_notmandatory_star_3,1581679359,0
645,moul_notmandatory_star_4,1581679359,0
646,moul_notmandatory_star_5,1581679359,0
